{
  "$schema": "http://json-schema.org/draft-07/schema#",
  "title": "GraphVisualization",
  "type": "object",
  "required": ["nodes", "edges"],
  "properties": {
    "nodes": {
      "type": "array",
      "items": {
        "type": "object",
        "required": ["id", "label", "type"],
        "properties": {
          "id": {
            "type": "string",
            "description": "Unique node identifier"
          },
          "label": {
            "type": "string",
            "description": "Display label for the node"
          },
          "type": {
            "type": "string",
            "enum": ["agent", "master_agent", "start", "end"],
            "description": "Node type for visualization"
          },
          "metadata": {
            "type": "object",
            "description": "Additional metadata for rendering",
            "additionalProperties": true
          }
        }
      }
    },
    "edges": {
      "type": "array",
      "items": {
        "type": "object",
        "required": ["source", "target"],
        "properties": {
          "source": {
            "type": "string",
            "description": "Source node ID"
          },
          "target": {
            "type": "string",
            "description": "Target node ID"
          },
          "condition": {
            "type": "string",
            "description": "Optional condition for edge traversal"
          }
        }
      }
    }
  }
}
