{
  "workflow_id": "wf_efd481da491e47eb9f48af871a813255",
  "name": "Code Execution and Optimization",
  "description": "Created from canvas on 2026-01-21",
  "status": "draft",
  "version": "0.1",
  "execution_model": "sequential",
  "agents": [
    "agt_5d6e93affb3e4301adac34f579330f4c",
    "agt_1e15d99db9304e7ab9afe34002796889",
    "agt_fb6b28ac43bf48309f6c5aa267c675b0",
    "agt_10c46b37ad5c424ca9127cbffe03e56b",
    "agt_370ae10d953b46bfa03cb57949e20f35",
    "agt_a9635ba49b7b4bcea02e132832fae61a"
  ],
  "connections": [
    {
      "from": "agt_5d6e93affb3e4301adac34f579330f4c",
      "to": "agt_1e15d99db9304e7ab9afe34002796889"
    },
    {
      "from": "agt_1e15d99db9304e7ab9afe34002796889",
      "to": "agt_fb6b28ac43bf48309f6c5aa267c675b0"
    },
    {
      "from": "agt_fb6b28ac43bf48309f6c5aa267c675b0",
      "to": "agt_10c46b37ad5c424ca9127cbffe03e56b"
    },
    {
      "from": "agt_10c46b37ad5c424ca9127cbffe03e56b",
      "to": "agt_370ae10d953b46bfa03cb57949e20f35"
    },
    {
      "from": "agt_370ae10d953b46bfa03cb57949e20f35",
      "to": "agt_a9635ba49b7b4bcea02e132832fae61a"
    }
  ],
  "state_schema": {
    "query": "string",
    "result": "string"
  },
  "metadata": {
    "created_by": "workflow_builder",
    "created_at": "2026-01-21T03:26:39.057789",
    "canvas_layout": {
      "width": 5000,
      "height": 5000
    }
  }
}