{
  "workflow_id": "wf_aa02a648638647948dda5f423360f9e6",
  "name": "Code Execution and Optimization",
  "description": "Created from canvas on 2026-01-21",
  "status": "testing",
  "version": "0.1",
  "execution_model": "sequential",
  "agents": [
    "agt_71c475f208f944c199f2d1be68b9d135",
    "agt_0ada589b8a774968ad432ee1afe85936",
    "agt_d939a36dfb034a8aa261f66733ac2461",
    "agt_f0bffcfe5b9b4bbb84e4574311e74cd1",
    "agt_1153642e1dbd4861b7c35dfdf21bdf40",
    "agt_2016a98bd5ee47788871fb6127825004"
  ],
  "connections": [
    {
      "from": "agt_71c475f208f944c199f2d1be68b9d135",
      "to": "agt_0ada589b8a774968ad432ee1afe85936"
    },
    {
      "from": "agt_0ada589b8a774968ad432ee1afe85936",
      "to": "agt_d939a36dfb034a8aa261f66733ac2461"
    },
    {
      "from": "agt_d939a36dfb034a8aa261f66733ac2461",
      "to": "agt_f0bffcfe5b9b4bbb84e4574311e74cd1"
    },
    {
      "from": "agt_f0bffcfe5b9b4bbb84e4574311e74cd1",
      "to": "agt_1153642e1dbd4861b7c35dfdf21bdf40"
    },
    {
      "from": "agt_1153642e1dbd4861b7c35dfdf21bdf40",
      "to": "agt_2016a98bd5ee47788871fb6127825004"
    }
  ],
  "state_schema": {
    "query": "string",
    "result": "string"
  },
  "metadata": {
    "created_by": "workflow_builder",
    "created_at": "2026-01-21T03:37:40.956490",
    "canvas_layout": {
      "width": 5000,
      "height": 5000
    },
    "is_temp": true
  }
}