{
  "workflow_id": "wf_e8e71f987bf3405bb3ebe16a0b980e7e",
  "name": "Code Execution and Optimization",
  "description": "Created from canvas on 2026-01-21",
  "status": "testing",
  "version": "0.1",
  "execution_model": "sequential",
  "agents": [
    "agt_15cc5eae5f664671ab708f88a3849b8f",
    "agt_2741062f837946db8f291bf397456d5c",
    "agt_44cef4d30a4042f8b791e1db99f02430",
    "agt_211e33446e934228b449b55e118ff137",
    "agt_fe495e5bfb55406bb4a8710a5a686e16",
    "agt_a754cca9573e4498ab7dbf1251c6062c"
  ],
  "connections": [
    {
      "from": "agt_15cc5eae5f664671ab708f88a3849b8f",
      "to": "agt_2741062f837946db8f291bf397456d5c"
    },
    {
      "from": "agt_2741062f837946db8f291bf397456d5c",
      "to": "agt_44cef4d30a4042f8b791e1db99f02430"
    },
    {
      "from": "agt_44cef4d30a4042f8b791e1db99f02430",
      "to": "agt_211e33446e934228b449b55e118ff137"
    },
    {
      "from": "agt_211e33446e934228b449b55e118ff137",
      "to": "agt_fe495e5bfb55406bb4a8710a5a686e16"
    },
    {
      "from": "agt_fe495e5bfb55406bb4a8710a5a686e16",
      "to": "agt_a754cca9573e4498ab7dbf1251c6062c"
    }
  ],
  "state_schema": {
    "query": "string",
    "result": "string"
  },
  "metadata": {
    "created_by": "workflow_builder",
    "created_at": "2026-01-21T03:41:49.365392",
    "canvas_layout": {
      "width": 5000,
      "height": 5000
    },
    "is_temp": true
  }
}