{
  "workflow_id": "wf_e13a8ea8e7cc484abc4366ecd0fbfdd4",
  "name": "Proposal Generation",
  "description": "Created from canvas on 2026-01-27",
  "status": "testing",
  "version": "0.1",
  "execution_model": "hybrid",
  "agents": [
    "agt_2994bfc4d3854470b274e4fd2d2beba6",
    "agt_b62b4232147e441eb4a063d808df5a19",
    "agt_18e3c6dd0fb5403eb315fb1a72001d9f",
    "agt_03b89c5343e344c6a050d3bf83140689",
    "agt_1fecbeff12c644cf9de678a3d20b4750",
    "agt_66d18b916b5f459894bc91c63da32276",
    "agt_18181d8d280b43009f3f098624c5c992",
    "agt_a1bc199dbbb24f6b832d63539fcb66b4",
    "agt_88859ab6f9d04c399f97dc4fb7dfc666",
    "agt_2adbff958ba040828239c07985571bfc",
    "agt_3e4010c836964e2dbe2ab1b0f761bc7b",
    "agt_282627702262443da18cde45c6c4b4f4",
    "agt_3e0308cd6354405290924173dbe69ca8"
  ],
  "connections": [
    {
      "from": "agt_2994bfc4d3854470b274e4fd2d2beba6",
      "to": "agt_b62b4232147e441eb4a063d808df5a19"
    },
    {
      "from": "agt_b62b4232147e441eb4a063d808df5a19",
      "to": "agt_18e3c6dd0fb5403eb315fb1a72001d9f"
    },
    {
      "from": "agt_18e3c6dd0fb5403eb315fb1a72001d9f",
      "to": "agt_03b89c5343e344c6a050d3bf83140689"
    },
    {
      "from": "agt_03b89c5343e344c6a050d3bf83140689",
      "to": "agt_1fecbeff12c644cf9de678a3d20b4750"
    },
    {
      "from": "agt_03b89c5343e344c6a050d3bf83140689",
      "to": "agt_66d18b916b5f459894bc91c63da32276"
    },
    {
      "from": "agt_1fecbeff12c644cf9de678a3d20b4750",
      "to": "agt_3e0308cd6354405290924173dbe69ca8"
    },
    {
      "from": "agt_66d18b916b5f459894bc91c63da32276",
      "to": "agt_18181d8d280b43009f3f098624c5c992"
    },
    {
      "from": "agt_18181d8d280b43009f3f098624c5c992",
      "to": "agt_a1bc199dbbb24f6b832d63539fcb66b4"
    },
    {
      "from": "agt_a1bc199dbbb24f6b832d63539fcb66b4",
      "to": "agt_88859ab6f9d04c399f97dc4fb7dfc666"
    },
    {
      "from": "agt_88859ab6f9d04c399f97dc4fb7dfc666",
      "to": "agt_2adbff958ba040828239c07985571bfc"
    },
    {
      "from": "agt_2adbff958ba040828239c07985571bfc",
      "to": "agt_3e4010c836964e2dbe2ab1b0f761bc7b"
    },
    {
      "from": "agt_3e4010c836964e2dbe2ab1b0f761bc7b",
      "to": "agt_282627702262443da18cde45c6c4b4f4"
    },
    {
      "from": "agt_282627702262443da18cde45c6c4b4f4",
      "to": "agt_3e0308cd6354405290924173dbe69ca8"
    }
  ],
  "state_schema": {
    "rfp_document": "string",
    "prospect_name": "string",
    "deadline": "string",
    "opportunity_value": "string",
    "proposal_id": "string",
    "final_price": "string",
    "submission_timestamp": "string"
  },
  "metadata": {
    "created_by": "workflow_builder",
    "created_at": "2026-01-27T21:09:49.400485",
    "canvas_layout": {
      "width": 5000,
      "height": 5000
    },
    "is_temp": true
  },
  "human_in_loop": {
    "enabled": true,
    "review_points": [
      "agt_3e4010c836964e2dbe2ab1b0f761bc7b"
    ]
  }
}