{
  "tool_id": "tool_web_search",
  "name": "Web Search",
  "description": "Performs web searches using multiple search providers (Google, Bing, DuckDuckGo). Returns relevant web results with titles, URLs, and snippets",
  "tool_type": "local",
  "input_schema": {
    "type": "object",
    "properties": {
      "query": {
        "type": "string",
        "description": "Search query string"
      },
      "provider": {
        "type": "string",
        "enum": [
          "google",
          "bing",
          "duckduckgo"
        ],
        "default": "duckduckgo",
        "description": "Search provider to use"
      },
      "max_results": {
        "type": "integer",
        "default": 10,
        "minimum": 1,
        "maximum": 50,
        "description": "Maximum number of results to return"
      },
      "safe_search": {
        "type": "boolean",
        "default": true,
        "description": "Enable safe search filtering"
      },
      "language": {
        "type": "string",
        "default": "en",
        "description": "Language code for search results (e.g., 'en', 'es', 'fr')"
      }
    },
    "required": [
      "query"
    ]
  },
  "output_schema": {
    "type": "object",
    "properties": {
      "query": {
        "type": "string",
        "description": "Original search query"
      },
      "provider": {
        "type": "string",
        "description": "Search provider used"
      },
      "results": {
        "type": "array",
        "items": {
          "type": "object",
          "properties": {
            "title": {
              "type": "string"
            },
            "url": {
              "type": "string"
            },
            "snippet": {
              "type": "string"
            },
            "position": {
              "type": "integer"
            }
          }
        },
        "description": "Array of search results"
      },
      "total_results": {
        "type": "integer",
        "description": "Total number of results returned"
      }
    },
    "required": [
      "query",
      "provider",
      "results"
    ]
  },
  "execution_config": {
    "module": "AgentTools.web_search.service",
    "class": "WebSearchService",
    "method": "search"
  },
  "version": "1.0",
  "tags": [
    "search",
    "web",
    "internet",
    "research",
    "google",
    "bing",
    "duckduckgo"
  ],
  "status": "active",
  "metadata": {
    "author": "EchoAI",
    "category": "research"
  },
  "_saved_at": "2026-01-26T07:06:32.214251"
}